{
    "version": "0.2.0",
    "configurations": [
        {
            "name": "Run MPI + OpenMP Program",
            "type": "cppdbg",
            "request": "launch",
            "program": "${fileDirname}/${fileBasenameNoExtension}",
            "args": [],
            "stopAtEntry": false,
            "cwd": "${fileDirname}",
            "environment": [],
            "externalConsole": false,
            "MIMode": "gdb",
            "setupCommands": [
                {
                    "description": "Enable pretty-printing",
                    "text": "-enable-pretty-printing",
                    "ignoreFailures": true
                }
            ],
            "preLaunchTask": "C/C++: g++ build active file",
            "miDebuggerPath": "/usr/bin/gdb",
            "linux": {
                "program": "/usr/bin/mpiexec",
                "args": [
                    "-n", "4", 
                    "${fileDirname}/${fileBasenameNoExtension}"
                ]
            }
        }
    ]
}
